"id","sku","barcode","name","category","unit","price_cents","cost_cents","stock","lead_days","safety_days","review_days"
"1","SKU0001","8850000000001","บะหมี่กึ่งสำเร็จรูป รสดั้งเดิม","อาหารแห้ง","ซอง","800","560","12","2","1","7"
"2","SKU0002","8850000000002","น้ำดื่ม 600 มล.","เครื่องดื่ม","ขวด","1000","700","12","2","1","7"
"3","SKU0003","8850000000003","น้ำปลา 700 มล.","เครื่องปรุง","ขวด","3000","2100","12","2","1","7"
"4","SKU0004","8850000000004","นมกล่อง รุ่น 01","เครื่องดื่ม","กล่อง","1500","1050","68","2","1","7"
"5","SKU0005","","ขนมขบเคี้ยว รุ่น 01","ขนม","ถุง","2000","1400","85","2","1","7"
"6","SKU0006","8850000000006","ข้าวสาร รุ่น 01","อาหารแห้ง","ถุง","4500","3150","2","2","1","7"
"7","SKU0007","8850000000007","สบู่ รุ่น 01","ของใช้","ก้อน","2500","1750","19","2","1","7"
"8","SKU0008","8850000000008","ผงซักฟอก รุ่น 01","ของใช้","ถุง","3500","2450","36","2","1","7"
"9","SKU0009","8850000000009","ไข่ไก่ รุ่น 01","อาหารสด","ฟอง","500","350","53","2","1","7"
"10","SKU0010","","น้ำตาล รุ่น 01","เครื่องปรุง","ถุง","2800","1960","70","2","1","7"
"11","SKU0011","8850000000011","บะหมี่กึ่งสำเร็จรูป รุ่น 02","อาหารแห้ง","ซอง","800","560","87","2","1","7"
"12","SKU0012","8850000000012","น้ำดื่ม รุ่น 02","เครื่องดื่ม","ขวด","1000","700","4","2","1","7"
"13","SKU0013","8850000000013","น้ำปลา รุ่น 02","เครื่องปรุง","ขวด","3000","2100","21","2","1","7"
"14","SKU0014","8850000000014","นมกล่อง รุ่น 02","เครื่องดื่ม","กล่อง","1500","1050","38","2","1","7"
"15","SKU0015","","ขนมขบเคี้ยว รุ่น 02","ขนม","ถุง","2000","1400","55","2","1","7"
"16","SKU0016","8850000000016","ข้าวสาร รุ่น 02","อาหารแห้ง","ถุง","4500","3150","72","2","1","7"
"17","SKU0017","8850000000017","สบู่ รุ่น 02","ของใช้","ก้อน","2500","1750","89","2","1","7"
"18","SKU0018","8850000000018","ผงซักฟอก รุ่น 02","ของใช้","ถุง","3500","2450","6","2","1","7"
"19","SKU0019","8850000000019","ไข่ไก่ รุ่น 02","อาหารสด","ฟอง","500","350","23","2","1","7"
"20","SKU0020","","น้ำตาล รุ่น 02","เครื่องปรุง","ถุง","2800","1960","40","2","1","7"
"21","SKU0021","8850000000021","บะหมี่กึ่งสำเร็จรูป รุ่น 03","อาหารแห้ง","ซอง","800","560","57","2","1","7"
"22","SKU0022","8850000000022","น้ำดื่ม รุ่น 03","เครื่องดื่ม","ขวด","1000","700","74","2","1","7"
"23","SKU0023","8850000000023","น้ำปลา รุ่น 03","เครื่องปรุง","ขวด","3000","2100","91","2","1","7"
"24","SKU0024","8850000000024","นมกล่อง รุ่น 03","เครื่องดื่ม","กล่อง","1500","1050","8","2","1","7"
"25","SKU0025","","ขนมขบเคี้ยว รุ่น 03","ขนม","ถุง","2000","1400","25","2","1","7"
"26","SKU0026","8850000000026","ข้าวสาร รุ่น 03","อาหารแห้ง","ถุง","4500","3150","42","2","1","7"
"27","SKU0027","8850000000027","สบู่ รุ่น 03","ของใช้","ก้อน","2500","1750","59","2","1","7"
"28","SKU0028","8850000000028","ผงซักฟอก รุ่น 03","ของใช้","ถุง","3500","2450","76","2","1","7"
"29","SKU0029","8850000000029","ไข่ไก่ รุ่น 03","อาหารสด","ฟอง","500","350","93","2","1","7"
"30","SKU0030","","น้ำตาล รุ่น 03","เครื่องปรุง","ถุง","2800","1960","10","2","1","7"
"31","SKU0031","8850000000031","บะหมี่กึ่งสำเร็จรูป รุ่น 04","อาหารแห้ง","ซอง","800","560","27","2","1","7"
"32","SKU0032","8850000000032","น้ำดื่ม รุ่น 04","เครื่องดื่ม","ขวด","1000","700","44","2","1","7"
"33","SKU0033","8850000000033","น้ำปลา รุ่น 04","เครื่องปรุง","ขวด","3000","2100","61","2","1","7"
"34","SKU0034","8850000000034","นมกล่อง รุ่น 04","เครื่องดื่ม","กล่อง","1500","1050","78","2","1","7"
"35","SKU0035","","ขนมขบเคี้ยว รุ่น 04","ขนม","ถุง","2000","1400","95","2","1","7"
"36","SKU0036","8850000000036","ข้าวสาร รุ่น 04","อาหารแห้ง","ถุง","4500","3150","12","2","1","7"
"37","SKU0037","8850000000037","สบู่ รุ่น 04","ของใช้","ก้อน","2500","1750","29","2","1","7"
"38","SKU0038","8850000000038","ผงซักฟอก รุ่น 04","ของใช้","ถุง","3500","2450","46","2","1","7"
"39","SKU0039","8850000000039","ไข่ไก่ รุ่น 04","อาหารสด","ฟอง","500","350","63","2","1","7"
"40","SKU0040","","น้ำตาล รุ่น 04","เครื่องปรุง","ถุง","2800","1960","80","2","1","7"
"41","SKU0041","8850000000041","บะหมี่กึ่งสำเร็จรูป รุ่น 05","อาหารแห้ง","ซอง","800","560","97","2","1","7"
"42","SKU0042","8850000000042","น้ำดื่ม รุ่น 05","เครื่องดื่ม","ขวด","1000","700","14","2","1","7"
"43","SKU0043","8850000000043","น้ำปลา รุ่น 05","เครื่องปรุง","ขวด","3000","2100","31","2","1","7"
"44","SKU0044","8850000000044","นมกล่อง รุ่น 05","เครื่องดื่ม","กล่อง","1500","1050","48","2","1","7"
"45","SKU0045","","ขนมขบเคี้ยว รุ่น 05","ขนม","ถุง","2000","1400","65","2","1","7"
"46","SKU0046","8850000000046","ข้าวสาร รุ่น 05","อาหารแห้ง","ถุง","4500","3150","82","2","1","7"
"47","SKU0047","8850000000047","สบู่ รุ่น 05","ของใช้","ก้อน","2500","1750","99","2","1","7"
"48","SKU0048","8850000000048","ผงซักฟอก รุ่น 05","ของใช้","ถุง","3500","2450","16","2","1","7"
"49","SKU0049","8850000000049","ไข่ไก่ รุ่น 05","อาหารสด","ฟอง","500","350","33","2","1","7"
"50","SKU0050","","น้ำตาล รุ่น 05","เครื่องปรุง","ถุง","2800","1960","50","2","1","7"
"51","SKU0051","8850000000051","บะหมี่กึ่งสำเร็จรูป รุ่น 06","อาหารแห้ง","ซอง","800","560","67","2","1","7"
"52","SKU0052","8850000000052","น้ำดื่ม รุ่น 06","เครื่องดื่ม","ขวด","1000","700","84","2","1","7"
"53","SKU0053","8850000000053","น้ำปลา รุ่น 06","เครื่องปรุง","ขวด","3000","2100","1","2","1","7"
"54","SKU0054","8850000000054","นมกล่อง รุ่น 06","เครื่องดื่ม","กล่อง","1500","1050","18","2","1","7"
"55","SKU0055","","ขนมขบเคี้ยว รุ่น 06","ขนม","ถุง","2000","1400","35","2","1","7"
"56","SKU0056","8850000000056","ข้าวสาร รุ่น 06","อาหารแห้ง","ถุง","4500","3150","52","2","1","7"
"57","SKU0057","8850000000057","สบู่ รุ่น 06","ของใช้","ก้อน","2500","1750","69","2","1","7"
"58","SKU0058","8850000000058","ผงซักฟอก รุ่น 06","ของใช้","ถุง","3500","2450","86","2","1","7"
"59","SKU0059","8850000000059","ไข่ไก่ รุ่น 06","อาหารสด","ฟอง","500","350","3","2","1","7"
"60","SKU0060","","น้ำตาล รุ่น 06","เครื่องปรุง","ถุง","2800","1960","20","2","1","7"
"61","SKU0061","8850000000061","บะหมี่กึ่งสำเร็จรูป รุ่น 07","อาหารแห้ง","ซอง","800","560","37","2","1","7"
"62","SKU0062","8850000000062","น้ำดื่ม รุ่น 07","เครื่องดื่ม","ขวด","1000","700","54","2","1","7"
"63","SKU0063","8850000000063","น้ำปลา รุ่น 07","เครื่องปรุง","ขวด","3000","2100","71","2","1","7"
"64","SKU0064","8850000000064","นมกล่อง รุ่น 07","เครื่องดื่ม","กล่อง","1500","1050","88","2","1","7"
"65","SKU0065","","ขนมขบเคี้ยว รุ่น 07","ขนม","ถุง","2000","1400","5","2","1","7"
"66","SKU0066","8850000000066","ข้าวสาร รุ่น 07","อาหารแห้ง","ถุง","4500","3150","22","2","1","7"
"67","SKU0067","8850000000067","สบู่ รุ่น 07","ของใช้","ก้อน","2500","1750","39","2","1","7"
"68","SKU0068","8850000000068","ผงซักฟอก รุ่น 07","ของใช้","ถุง","3500","2450","56","2","1","7"
"69","SKU0069","8850000000069","ไข่ไก่ รุ่น 07","อาหารสด","ฟอง","500","350","73","2","1","7"
"70","SKU0070","","น้ำตาล รุ่น 07","เครื่องปรุง","ถุง","2800","1960","90","2","1","7"
"71","SKU0071","8850000000071","บะหมี่กึ่งสำเร็จรูป รุ่น 08","อาหารแห้ง","ซอง","800","560","7","2","1","7"
"72","SKU0072","8850000000072","น้ำดื่ม รุ่น 08","เครื่องดื่ม","ขวด","1000","700","24","2","1","7"
"73","SKU0073","8850000000073","น้ำปลา รุ่น 08","เครื่องปรุง","ขวด","3000","2100","41","2","1","7"
"74","SKU0074","8850000000074","นมกล่อง รุ่น 08","เครื่องดื่ม","กล่อง","1500","1050","58","2","1","7"
"75","SKU0075","","ขนมขบเคี้ยว รุ่น 08","ขนม","ถุง","2000","1400","75","2","1","7"
"76","SKU0076","8850000000076","ข้าวสาร รุ่น 08","อาหารแห้ง","ถุง","4500","3150","92","2","1","7"
"77","SKU0077","8850000000077","สบู่ รุ่น 08","ของใช้","ก้อน","2500","1750","9","2","1","7"
"78","SKU0078","8850000000078","ผงซักฟอก รุ่น 08","ของใช้","ถุง","3500","2450","26","2","1","7"
"79","SKU0079","8850000000079","ไข่ไก่ รุ่น 08","อาหารสด","ฟอง","500","350","43","2","1","7"
"80","SKU0080","","น้ำตาล รุ่น 08","เครื่องปรุง","ถุง","2800","1960","60","2","1","7"
"81","SKU0081","8850000000081","บะหมี่กึ่งสำเร็จรูป รุ่น 09","อาหารแห้ง","ซอง","800","560","77","2","1","7"
"82","SKU0082","8850000000082","น้ำดื่ม รุ่น 09","เครื่องดื่ม","ขวด","1000","700","94","2","1","7"
"83","SKU0083","8850000000083","น้ำปลา รุ่น 09","เครื่องปรุง","ขวด","3000","2100","11","2","1","7"
"84","SKU0084","8850000000084","นมกล่อง รุ่น 09","เครื่องดื่ม","กล่อง","1500","1050","28","2","1","7"
"85","SKU0085","","ขนมขบเคี้ยว รุ่น 09","ขนม","ถุง","2000","1400","45","2","1","7"
"86","SKU0086","8850000000086","ข้าวสาร รุ่น 09","อาหารแห้ง","ถุง","4500","3150","62","2","1","7"
"87","SKU0087","8850000000087","สบู่ รุ่น 09","ของใช้","ก้อน","2500","1750","79","2","1","7"
"88","SKU0088","8850000000088","ผงซักฟอก รุ่น 09","ของใช้","ถุง","3500","2450","96","2","1","7"
"89","SKU0089","8850000000089","ไข่ไก่ รุ่น 09","อาหารสด","ฟอง","500","350","13","2","1","7"
"90","SKU0090","","น้ำตาล รุ่น 09","เครื่องปรุง","ถุง","2800","1960","30","2","1","7"
"91","SKU0091","8850000000091","บะหมี่กึ่งสำเร็จรูป รุ่น 10","อาหารแห้ง","ซอง","800","560","47","2","1","7"
"92","SKU0092","8850000000092","น้ำดื่ม รุ่น 10","เครื่องดื่ม","ขวด","1000","700","64","2","1","7"
"93","SKU0093","8850000000093","น้ำปลา รุ่น 10","เครื่องปรุง","ขวด","3000","2100","81","2","1","7"
"94","SKU0094","8850000000094","นมกล่อง รุ่น 10","เครื่องดื่ม","กล่อง","1500","1050","98","2","1","7"
"95","SKU0095","","ขนมขบเคี้ยว รุ่น 10","ขนม","ถุง","2000","1400","15","2","1","7"
"96","SKU0096","8850000000096","ข้าวสาร รุ่น 10","อาหารแห้ง","ถุง","4500","3150","32","2","1","7"
"97","SKU0097","8850000000097","สบู่ รุ่น 10","ของใช้","ก้อน","2500","1750","49","2","1","7"
"98","SKU0098","8850000000098","ผงซักฟอก รุ่น 10","ของใช้","ถุง","3500","2450","66","2","1","7"
"99","SKU0099","8850000000099","ไข่ไก่ รุ่น 10","อาหารสด","ฟอง","500","350","83","2","1","7"
"100","SKU0100","","น้ำตาล รุ่น 10","เครื่องปรุง","ถุง","2900","2030","0","2","1","7"
"101","SKU0101","8850000000101","บะหมี่กึ่งสำเร็จรูป รุ่น 11","อาหารแห้ง","ซอง","900","630","17","2","1","7"
"102","SKU0102","8850000000102","น้ำดื่ม รุ่น 11","เครื่องดื่ม","ขวด","1100","770","34","2","1","7"
"103","SKU0103","8850000000103","น้ำปลา รุ่น 11","เครื่องปรุง","ขวด","3100","2170","51","2","1","7"
"104","SKU0104","8850000000104","นมกล่อง รุ่น 11","เครื่องดื่ม","กล่อง","1600","1120","68","2","1","7"
"105","SKU0105","","ขนมขบเคี้ยว รุ่น 11","ขนม","ถุง","2100","1470","85","2","1","7"
"106","SKU0106","8850000000106","ข้าวสาร รุ่น 11","อาหารแห้ง","ถุง","4600","3220","2","2","1","7"
"107","SKU0107","8850000000107","สบู่ รุ่น 11","ของใช้","ก้อน","2600","1820","19","2","1","7"
"108","SKU0108","8850000000108","ผงซักฟอก รุ่น 11","ของใช้","ถุง","3600","2520","36","2","1","7"
"109","SKU0109","8850000000109","ไข่ไก่ รุ่น 11","อาหารสด","ฟอง","600","420","53","2","1","7"
"110","SKU0110","","น้ำตาล รุ่น 11","เครื่องปรุง","ถุง","2900","2030","70","2","1","7"
"111","SKU0111","8850000000111","บะหมี่กึ่งสำเร็จรูป รุ่น 12","อาหารแห้ง","ซอง","900","630","87","2","1","7"
"112","SKU0112","8850000000112","น้ำดื่ม รุ่น 12","เครื่องดื่ม","ขวด","1100","770","4","2","1","7"
"113","SKU0113","8850000000113","น้ำปลา รุ่น 12","เครื่องปรุง","ขวด","3100","2170","21","2","1","7"
"114","SKU0114","8850000000114","นมกล่อง รุ่น 12","เครื่องดื่ม","กล่อง","1600","1120","38","2","1","7"
"115","SKU0115","","ขนมขบเคี้ยว รุ่น 12","ขนม","ถุง","2100","1470","55","2","1","7"
"116","SKU0116","8850000000116","ข้าวสาร รุ่น 12","อาหารแห้ง","ถุง","4600","3220","72","2","1","7"
"117","SKU0117","8850000000117","สบู่ รุ่น 12","ของใช้","ก้อน","2600","1820","89","2","1","7"
"118","SKU0118","8850000000118","ผงซักฟอก รุ่น 12","ของใช้","ถุง","3600","2520","6","2","1","7"
"119","SKU0119","8850000000119","ไข่ไก่ รุ่น 12","อาหารสด","ฟอง","600","420","23","2","1","7"
"120","SKU0120","","น้ำตาล รุ่น 12","เครื่องปรุง","ถุง","2900","2030","40","2","1","7"
"121","SKU0121","8850000000121","บะหมี่กึ่งสำเร็จรูป รุ่น 13","อาหารแห้ง","ซอง","900","630","57","2","1","7"
"122","SKU0122","8850000000122","น้ำดื่ม รุ่น 13","เครื่องดื่ม","ขวด","1100","770","74","2","1","7"
"123","SKU0123","8850000000123","น้ำปลา รุ่น 13","เครื่องปรุง","ขวด","3100","2170","91","2","1","7"
"124","SKU0124","8850000000124","นมกล่อง รุ่น 13","เครื่องดื่ม","กล่อง","1600","1120","8","2","1","7"
"125","SKU0125","","ขนมขบเคี้ยว รุ่น 13","ขนม","ถุง","2100","1470","25","2","1","7"
"126","SKU0126","8850000000126","ข้าวสาร รุ่น 13","อาหารแห้ง","ถุง","4600","3220","42","2","1","7"
"127","SKU0127","8850000000127","สบู่ รุ่น 13","ของใช้","ก้อน","2600","1820","59","2","1","7"
"128","SKU0128","8850000000128","ผงซักฟอก รุ่น 13","ของใช้","ถุง","3600","2520","76","2","1","7"
"129","SKU0129","8850000000129","ไข่ไก่ รุ่น 13","อาหารสด","ฟอง","600","420","93","2","1","7"
"130","SKU0130","","น้ำตาล รุ่น 13","เครื่องปรุง","ถุง","2900","2030","10","2","1","7"
"131","SKU0131","8850000000131","บะหมี่กึ่งสำเร็จรูป รุ่น 14","อาหารแห้ง","ซอง","900","630","27","2","1","7"
"132","SKU0132","8850000000132","น้ำดื่ม รุ่น 14","เครื่องดื่ม","ขวด","1100","770","44","2","1","7"
"133","SKU0133","8850000000133","น้ำปลา รุ่น 14","เครื่องปรุง","ขวด","3100","2170","61","2","1","7"
"134","SKU0134","8850000000134","นมกล่อง รุ่น 14","เครื่องดื่ม","กล่อง","1600","1120","78","2","1","7"
"135","SKU0135","","ขนมขบเคี้ยว รุ่น 14","ขนม","ถุง","2100","1470","95","2","1","7"
"136","SKU0136","8850000000136","ข้าวสาร รุ่น 14","อาหารแห้ง","ถุง","4600","3220","12","2","1","7"
"137","SKU0137","8850000000137","สบู่ รุ่น 14","ของใช้","ก้อน","2600","1820","29","2","1","7"
"138","SKU0138","8850000000138","ผงซักฟอก รุ่น 14","ของใช้","ถุง","3600","2520","46","2","1","7"
"139","SKU0139","8850000000139","ไข่ไก่ รุ่น 14","อาหารสด","ฟอง","600","420","63","2","1","7"
"140","SKU0140","","น้ำตาล รุ่น 14","เครื่องปรุง","ถุง","2900","2030","80","2","1","7"
"141","SKU0141","8850000000141","บะหมี่กึ่งสำเร็จรูป รุ่น 15","อาหารแห้ง","ซอง","900","630","97","2","1","7"
"142","SKU0142","8850000000142","น้ำดื่ม รุ่น 15","เครื่องดื่ม","ขวด","1100","770","14","2","1","7"
"143","SKU0143","8850000000143","น้ำปลา รุ่น 15","เครื่องปรุง","ขวด","3100","2170","31","2","1","7"
"144","SKU0144","8850000000144","นมกล่อง รุ่น 15","เครื่องดื่ม","กล่อง","1600","1120","48","2","1","7"
"145","SKU0145","","ขนมขบเคี้ยว รุ่น 15","ขนม","ถุง","2100","1470","65","2","1","7"
"146","SKU0146","8850000000146","ข้าวสาร รุ่น 15","อาหารแห้ง","ถุง","4600","3220","82","2","1","7"
"147","SKU0147","8850000000147","สบู่ รุ่น 15","ของใช้","ก้อน","2600","1820","99","2","1","7"
"148","SKU0148","8850000000148","ผงซักฟอก รุ่น 15","ของใช้","ถุง","3600","2520","16","2","1","7"
"149","SKU0149","8850000000149","ไข่ไก่ รุ่น 15","อาหารสด","ฟอง","600","420","33","2","1","7"
"150","SKU0150","","น้ำตาล รุ่น 15","เครื่องปรุง","ถุง","2900","2030","50","2","1","7"
"151","SKU0151","8850000000151","บะหมี่กึ่งสำเร็จรูป รุ่น 16","อาหารแห้ง","ซอง","900","630","67","2","1","7"
"152","SKU0152","8850000000152","น้ำดื่ม รุ่น 16","เครื่องดื่ม","ขวด","1100","770","84","2","1","7"
"153","SKU0153","8850000000153","น้ำปลา รุ่น 16","เครื่องปรุง","ขวด","3100","2170","1","2","1","7"
"154","SKU0154","8850000000154","นมกล่อง รุ่น 16","เครื่องดื่ม","กล่อง","1600","1120","18","2","1","7"
"155","SKU0155","","ขนมขบเคี้ยว รุ่น 16","ขนม","ถุง","2100","1470","35","2","1","7"
"156","SKU0156","8850000000156","ข้าวสาร รุ่น 16","อาหารแห้ง","ถุง","4600","3220","52","2","1","7"
"157","SKU0157","8850000000157","สบู่ รุ่น 16","ของใช้","ก้อน","2600","1820","69","2","1","7"
"158","SKU0158","8850000000158","ผงซักฟอก รุ่น 16","ของใช้","ถุง","3600","2520","86","2","1","7"
"159","SKU0159","8850000000159","ไข่ไก่ รุ่น 16","อาหารสด","ฟอง","600","420","3","2","1","7"
"160","SKU0160","","น้ำตาล รุ่น 16","เครื่องปรุง","ถุง","2900","2030","20","2","1","7"
"161","SKU0161","8850000000161","บะหมี่กึ่งสำเร็จรูป รุ่น 17","อาหารแห้ง","ซอง","900","630","37","2","1","7"
"162","SKU0162","8850000000162","น้ำดื่ม รุ่น 17","เครื่องดื่ม","ขวด","1100","770","54","2","1","7"
"163","SKU0163","8850000000163","น้ำปลา รุ่น 17","เครื่องปรุง","ขวด","3100","2170","71","2","1","7"
"164","SKU0164","8850000000164","นมกล่อง รุ่น 17","เครื่องดื่ม","กล่อง","1600","1120","88","2","1","7"
"165","SKU0165","","ขนมขบเคี้ยว รุ่น 17","ขนม","ถุง","2100","1470","5","2","1","7"
"166","SKU0166","8850000000166","ข้าวสาร รุ่น 17","อาหารแห้ง","ถุง","4600","3220","22","2","1","7"
"167","SKU0167","8850000000167","สบู่ รุ่น 17","ของใช้","ก้อน","2600","1820","39","2","1","7"
"168","SKU0168","8850000000168","ผงซักฟอก รุ่น 17","ของใช้","ถุง","3600","2520","56","2","1","7"
"169","SKU0169","8850000000169","ไข่ไก่ รุ่น 17","อาหารสด","ฟอง","600","420","73","2","1","7"
"170","SKU0170","","น้ำตาล รุ่น 17","เครื่องปรุง","ถุง","2900","2030","90","2","1","7"
"171","SKU0171","8850000000171","บะหมี่กึ่งสำเร็จรูป รุ่น 18","อาหารแห้ง","ซอง","900","630","7","2","1","7"
"172","SKU0172","8850000000172","น้ำดื่ม รุ่น 18","เครื่องดื่ม","ขวด","1100","770","24","2","1","7"
"173","SKU0173","8850000000173","น้ำปลา รุ่น 18","เครื่องปรุง","ขวด","3100","2170","41","2","1","7"
"174","SKU0174","8850000000174","นมกล่อง รุ่น 18","เครื่องดื่ม","กล่อง","1600","1120","58","2","1","7"
"175","SKU0175","","ขนมขบเคี้ยว รุ่น 18","ขนม","ถุง","2100","1470","75","2","1","7"
"176","SKU0176","8850000000176","ข้าวสาร รุ่น 18","อาหารแห้ง","ถุง","4600","3220","92","2","1","7"
"177","SKU0177","8850000000177","สบู่ รุ่น 18","ของใช้","ก้อน","2600","1820","9","2","1","7"
"178","SKU0178","8850000000178","ผงซักฟอก รุ่น 18","ของใช้","ถุง","3600","2520","26","2","1","7"
"179","SKU0179","8850000000179","ไข่ไก่ รุ่น 18","อาหารสด","ฟอง","600","420","43","2","1","7"
"180","SKU0180","","น้ำตาล รุ่น 18","เครื่องปรุง","ถุง","2900","2030","60","2","1","7"
"181","SKU0181","8850000000181","บะหมี่กึ่งสำเร็จรูป รุ่น 19","อาหารแห้ง","ซอง","900","630","77","2","1","7"
"182","SKU0182","8850000000182","น้ำดื่ม รุ่น 19","เครื่องดื่ม","ขวด","1100","770","94","2","1","7"
"183","SKU0183","8850000000183","น้ำปลา รุ่น 19","เครื่องปรุง","ขวด","3100","2170","11","2","1","7"
"184","SKU0184","8850000000184","นมกล่อง รุ่น 19","เครื่องดื่ม","กล่อง","1600","1120","28","2","1","7"
"185","SKU0185","","ขนมขบเคี้ยว รุ่น 19","ขนม","ถุง","2100","1470","45","2","1","7"
"186","SKU0186","8850000000186","ข้าวสาร รุ่น 19","อาหารแห้ง","ถุง","4600","3220","62","2","1","7"
"187","SKU0187","8850000000187","สบู่ รุ่น 19","ของใช้","ก้อน","2600","1820","79","2","1","7"
"188","SKU0188","8850000000188","ผงซักฟอก รุ่น 19","ของใช้","ถุง","3600","2520","96","2","1","7"
"189","SKU0189","8850000000189","ไข่ไก่ รุ่น 19","อาหารสด","ฟอง","600","420","13","2","1","7"
"190","SKU0190","","น้ำตาล รุ่น 19","เครื่องปรุง","ถุง","2900","2030","30","2","1","7"
"191","SKU0191","8850000000191","บะหมี่กึ่งสำเร็จรูป รุ่น 20","อาหารแห้ง","ซอง","900","630","47","2","1","7"
"192","SKU0192","8850000000192","น้ำดื่ม รุ่น 20","เครื่องดื่ม","ขวด","1100","770","64","2","1","7"
"193","SKU0193","8850000000193","น้ำปลา รุ่น 20","เครื่องปรุง","ขวด","3100","2170","81","2","1","7"
"194","SKU0194","8850000000194","นมกล่อง รุ่น 20","เครื่องดื่ม","กล่อง","1600","1120","98","2","1","7"
"195","SKU0195","","ขนมขบเคี้ยว รุ่น 20","ขนม","ถุง","2100","1470","15","2","1","7"
"196","SKU0196","8850000000196","ข้าวสาร รุ่น 20","อาหารแห้ง","ถุง","4600","3220","32","2","1","7"
"197","SKU0197","8850000000197","สบู่ รุ่น 20","ของใช้","ก้อน","2600","1820","49","2","1","7"
"198","SKU0198","8850000000198","ผงซักฟอก รุ่น 20","ของใช้","ถุง","3600","2520","66","2","1","7"
"199","SKU0199","8850000000199","ไข่ไก่ รุ่น 20","อาหารสด","ฟอง","600","420","83","2","1","7"
"200","SKU0200","","น้ำตาล รุ่น 20","เครื่องปรุง","ถุง","3000","2100","0","2","1","7"
"201","SKU0201","8850000000201","บะหมี่กึ่งสำเร็จรูป รุ่น 21","อาหารแห้ง","ซอง","1000","700","17","2","1","7"
"202","SKU0202","8850000000202","น้ำดื่ม รุ่น 21","เครื่องดื่ม","ขวด","1200","840","34","2","1","7"
"203","SKU0203","8850000000203","น้ำปลา รุ่น 21","เครื่องปรุง","ขวด","3200","2240","51","2","1","7"
"204","SKU0204","8850000000204","นมกล่อง รุ่น 21","เครื่องดื่ม","กล่อง","1700","1190","68","2","1","7"
"205","SKU0205","","ขนมขบเคี้ยว รุ่น 21","ขนม","ถุง","2200","1540","85","2","1","7"
"206","SKU0206","8850000000206","ข้าวสาร รุ่น 21","อาหารแห้ง","ถุง","4700","3290","2","2","1","7"
"207","SKU0207","8850000000207","สบู่ รุ่น 21","ของใช้","ก้อน","2700","1890","19","2","1","7"
"208","SKU0208","8850000000208","ผงซักฟอก รุ่น 21","ของใช้","ถุง","3700","2590","36","2","1","7"
"209","SKU0209","8850000000209","ไข่ไก่ รุ่น 21","อาหารสด","ฟอง","700","490","53","2","1","7"
"210","SKU0210","","น้ำตาล รุ่น 21","เครื่องปรุง","ถุง","3000","2100","70","2","1","7"
"211","SKU0211","8850000000211","บะหมี่กึ่งสำเร็จรูป รุ่น 22","อาหารแห้ง","ซอง","1000","700","87","2","1","7"
"212","SKU0212","8850000000212","น้ำดื่ม รุ่น 22","เครื่องดื่ม","ขวด","1200","840","4","2","1","7"
"213","SKU0213","8850000000213","น้ำปลา รุ่น 22","เครื่องปรุง","ขวด","3200","2240","21","2","1","7"
"214","SKU0214","8850000000214","นมกล่อง รุ่น 22","เครื่องดื่ม","กล่อง","1700","1190","38","2","1","7"
"215","SKU0215","","ขนมขบเคี้ยว รุ่น 22","ขนม","ถุง","2200","1540","55","2","1","7"
"216","SKU0216","8850000000216","ข้าวสาร รุ่น 22","อาหารแห้ง","ถุง","4700","3290","72","2","1","7"
"217","SKU0217","8850000000217","สบู่ รุ่น 22","ของใช้","ก้อน","2700","1890","89","2","1","7"
"218","SKU0218","8850000000218","ผงซักฟอก รุ่น 22","ของใช้","ถุง","3700","2590","6","2","1","7"
"219","SKU0219","8850000000219","ไข่ไก่ รุ่น 22","อาหารสด","ฟอง","700","490","23","2","1","7"
"220","SKU0220","","น้ำตาล รุ่น 22","เครื่องปรุง","ถุง","3000","2100","40","2","1","7"
"221","SKU0221","8850000000221","บะหมี่กึ่งสำเร็จรูป รุ่น 23","อาหารแห้ง","ซอง","1000","700","57","2","1","7"
"222","SKU0222","8850000000222","น้ำดื่ม รุ่น 23","เครื่องดื่ม","ขวด","1200","840","74","2","1","7"
"223","SKU0223","8850000000223","น้ำปลา รุ่น 23","เครื่องปรุง","ขวด","3200","2240","91","2","1","7"
"224","SKU0224","8850000000224","นมกล่อง รุ่น 23","เครื่องดื่ม","กล่อง","1700","1190","8","2","1","7"
"225","SKU0225","","ขนมขบเคี้ยว รุ่น 23","ขนม","ถุง","2200","1540","25","2","1","7"
"226","SKU0226","8850000000226","ข้าวสาร รุ่น 23","อาหารแห้ง","ถุง","4700","3290","42","2","1","7"
"227","SKU0227","8850000000227","สบู่ รุ่น 23","ของใช้","ก้อน","2700","1890","59","2","1","7"
"228","SKU0228","8850000000228","ผงซักฟอก รุ่น 23","ของใช้","ถุง","3700","2590","76","2","1","7"
"229","SKU0229","8850000000229","ไข่ไก่ รุ่น 23","อาหารสด","ฟอง","700","490","93","2","1","7"
"230","SKU0230","","น้ำตาล รุ่น 23","เครื่องปรุง","ถุง","3000","2100","10","2","1","7"
"231","SKU0231","8850000000231","บะหมี่กึ่งสำเร็จรูป รุ่น 24","อาหารแห้ง","ซอง","1000","700","27","2","1","7"
"232","SKU0232","8850000000232","น้ำดื่ม รุ่น 24","เครื่องดื่ม","ขวด","1200","840","44","2","1","7"
"233","SKU0233","8850000000233","น้ำปลา รุ่น 24","เครื่องปรุง","ขวด","3200","2240","61","2","1","7"
"234","SKU0234","8850000000234","นมกล่อง รุ่น 24","เครื่องดื่ม","กล่อง","1700","1190","78","2","1","7"
"235","SKU0235","","ขนมขบเคี้ยว รุ่น 24","ขนม","ถุง","2200","1540","95","2","1","7"
"236","SKU0236","8850000000236","ข้าวสาร รุ่น 24","อาหารแห้ง","ถุง","4700","3290","12","2","1","7"
"237","SKU0237","8850000000237","สบู่ รุ่น 24","ของใช้","ก้อน","2700","1890","29","2","1","7"
"238","SKU0238","8850000000238","ผงซักฟอก รุ่น 24","ของใช้","ถุง","3700","2590","46","2","1","7"
"239","SKU0239","8850000000239","ไข่ไก่ รุ่น 24","อาหารสด","ฟอง","700","490","63","2","1","7"
"240","SKU0240","","น้ำตาล รุ่น 24","เครื่องปรุง","ถุง","3000","2100","80","2","1","7"
"241","SKU0241","8850000000241","บะหมี่กึ่งสำเร็จรูป รุ่น 25","อาหารแห้ง","ซอง","1000","700","97","2","1","7"
"242","SKU0242","8850000000242","น้ำดื่ม รุ่น 25","เครื่องดื่ม","ขวด","1200","840","14","2","1","7"
"243","SKU0243","8850000000243","น้ำปลา รุ่น 25","เครื่องปรุง","ขวด","3200","2240","31","2","1","7"
"244","SKU0244","8850000000244","นมกล่อง รุ่น 25","เครื่องดื่ม","กล่อง","1700","1190","48","2","1","7"
"245","SKU0245","","ขนมขบเคี้ยว รุ่น 25","ขนม","ถุง","2200","1540","65","2","1","7"
"246","SKU0246","8850000000246","ข้าวสาร รุ่น 25","อาหารแห้ง","ถุง","4700","3290","82","2","1","7"
"247","SKU0247","8850000000247","สบู่ รุ่น 25","ของใช้","ก้อน","2700","1890","99","2","1","7"
"248","SKU0248","8850000000248","ผงซักฟอก รุ่น 25","ของใช้","ถุง","3700","2590","16","2","1","7"
"249","SKU0249","8850000000249","ไข่ไก่ รุ่น 25","อาหารสด","ฟอง","700","490","33","2","1","7"
"250","SKU0250","","น้ำตาล รุ่น 25","เครื่องปรุง","ถุง","3000","2100","50","2","1","7"
"251","SKU0251","8850000000251","บะหมี่กึ่งสำเร็จรูป รุ่น 26","อาหารแห้ง","ซอง","1000","700","67","2","1","7"
"252","SKU0252","8850000000252","น้ำดื่ม รุ่น 26","เครื่องดื่ม","ขวด","1200","840","84","2","1","7"
"253","SKU0253","8850000000253","น้ำปลา รุ่น 26","เครื่องปรุง","ขวด","3200","2240","1","2","1","7"
"254","SKU0254","8850000000254","นมกล่อง รุ่น 26","เครื่องดื่ม","กล่อง","1700","1190","18","2","1","7"
"255","SKU0255","","ขนมขบเคี้ยว รุ่น 26","ขนม","ถุง","2200","1540","35","2","1","7"
"256","SKU0256","8850000000256","ข้าวสาร รุ่น 26","อาหารแห้ง","ถุง","4700","3290","52","2","1","7"
"257","SKU0257","8850000000257","สบู่ รุ่น 26","ของใช้","ก้อน","2700","1890","69","2","1","7"
"258","SKU0258","8850000000258","ผงซักฟอก รุ่น 26","ของใช้","ถุง","3700","2590","86","2","1","7"
"259","SKU0259","8850000000259","ไข่ไก่ รุ่น 26","อาหารสด","ฟอง","700","490","3","2","1","7"
"260","SKU0260","","น้ำตาล รุ่น 26","เครื่องปรุง","ถุง","3000","2100","20","2","1","7"
"261","SKU0261","8850000000261","บะหมี่กึ่งสำเร็จรูป รุ่น 27","อาหารแห้ง","ซอง","1000","700","37","2","1","7"
"262","SKU0262","8850000000262","น้ำดื่ม รุ่น 27","เครื่องดื่ม","ขวด","1200","840","54","2","1","7"
"263","SKU0263","8850000000263","น้ำปลา รุ่น 27","เครื่องปรุง","ขวด","3200","2240","71","2","1","7"
"264","SKU0264","8850000000264","นมกล่อง รุ่น 27","เครื่องดื่ม","กล่อง","1700","1190","88","2","1","7"
"265","SKU0265","","ขนมขบเคี้ยว รุ่น 27","ขนม","ถุง","2200","1540","5","2","1","7"
"266","SKU0266","8850000000266","ข้าวสาร รุ่น 27","อาหารแห้ง","ถุง","4700","3290","22","2","1","7"
"267","SKU0267","8850000000267","สบู่ รุ่น 27","ของใช้","ก้อน","2700","1890","39","2","1","7"
"268","SKU0268","8850000000268","ผงซักฟอก รุ่น 27","ของใช้","ถุง","3700","2590","56","2","1","7"
"269","SKU0269","8850000000269","ไข่ไก่ รุ่น 27","อาหารสด","ฟอง","700","490","73","2","1","7"
"270","SKU0270","","น้ำตาล รุ่น 27","เครื่องปรุง","ถุง","3000","2100","90","2","1","7"
"271","SKU0271","8850000000271","บะหมี่กึ่งสำเร็จรูป รุ่น 28","อาหารแห้ง","ซอง","1000","700","7","2","1","7"
"272","SKU0272","8850000000272","น้ำดื่ม รุ่น 28","เครื่องดื่ม","ขวด","1200","840","24","2","1","7"
"273","SKU0273","8850000000273","น้ำปลา รุ่น 28","เครื่องปรุง","ขวด","3200","2240","41","2","1","7"
"274","SKU0274","8850000000274","นมกล่อง รุ่น 28","เครื่องดื่ม","กล่อง","1700","1190","58","2","1","7"
"275","SKU0275","","ขนมขบเคี้ยว รุ่น 28","ขนม","ถุง","2200","1540","75","2","1","7"
"276","SKU0276","8850000000276","ข้าวสาร รุ่น 28","อาหารแห้ง","ถุง","4700","3290","92","2","1","7"
"277","SKU0277","8850000000277","สบู่ รุ่น 28","ของใช้","ก้อน","2700","1890","9","2","1","7"
"278","SKU0278","8850000000278","ผงซักฟอก รุ่น 28","ของใช้","ถุง","3700","2590","26","2","1","7"
"279","SKU0279","8850000000279","ไข่ไก่ รุ่น 28","อาหารสด","ฟอง","700","490","43","2","1","7"
"280","SKU0280","","น้ำตาล รุ่น 28","เครื่องปรุง","ถุง","3000","2100","60","2","1","7"
"281","SKU0281","8850000000281","บะหมี่กึ่งสำเร็จรูป รุ่น 29","อาหารแห้ง","ซอง","1000","700","77","2","1","7"
"282","SKU0282","8850000000282","น้ำดื่ม รุ่น 29","เครื่องดื่ม","ขวด","1200","840","94","2","1","7"
"283","SKU0283","8850000000283","น้ำปลา รุ่น 29","เครื่องปรุง","ขวด","3200","2240","11","2","1","7"
"284","SKU0284","8850000000284","นมกล่อง รุ่น 29","เครื่องดื่ม","กล่อง","1700","1190","28","2","1","7"
"285","SKU0285","","ขนมขบเคี้ยว รุ่น 29","ขนม","ถุง","2200","1540","45","2","1","7"
"286","SKU0286","8850000000286","ข้าวสาร รุ่น 29","อาหารแห้ง","ถุง","4700","3290","62","2","1","7"
"287","SKU0287","8850000000287","สบู่ รุ่น 29","ของใช้","ก้อน","2700","1890","79","2","1","7"
"288","SKU0288","8850000000288","ผงซักฟอก รุ่น 29","ของใช้","ถุง","3700","2590","96","2","1","7"
"289","SKU0289","8850000000289","ไข่ไก่ รุ่น 29","อาหารสด","ฟอง","700","490","13","2","1","7"
"290","SKU0290","","น้ำตาล รุ่น 29","เครื่องปรุง","ถุง","3000","2100","30","2","1","7"
"291","SKU0291","8850000000291","บะหมี่กึ่งสำเร็จรูป รุ่น 30","อาหารแห้ง","ซอง","1000","700","47","2","1","7"
"292","SKU0292","8850000000292","น้ำดื่ม รุ่น 30","เครื่องดื่ม","ขวด","1200","840","64","2","1","7"
"293","SKU0293","8850000000293","น้ำปลา รุ่น 30","เครื่องปรุง","ขวด","3200","2240","81","2","1","7"
"294","SKU0294","8850000000294","นมกล่อง รุ่น 30","เครื่องดื่ม","กล่อง","1700","1190","98","2","1","7"
"295","SKU0295","","ขนมขบเคี้ยว รุ่น 30","ขนม","ถุง","2200","1540","15","2","1","7"
"296","SKU0296","8850000000296","ข้าวสาร รุ่น 30","อาหารแห้ง","ถุง","4700","3290","32","2","1","7"
"297","SKU0297","8850000000297","สบู่ รุ่น 30","ของใช้","ก้อน","2700","1890","49","2","1","7"
"298","SKU0298","8850000000298","ผงซักฟอก รุ่น 30","ของใช้","ถุง","3700","2590","66","2","1","7"
"299","SKU0299","8850000000299","ไข่ไก่ รุ่น 30","อาหารสด","ฟอง","700","490","83","2","1","7"
"300","SKU0300","","น้ำตาล รุ่น 30","เครื่องปรุง","ถุง","3100","2170","0","2","1","7"
"301","SKU0301","8850000000301","บะหมี่กึ่งสำเร็จรูป รุ่น 31","อาหารแห้ง","ซอง","1100","770","17","2","1","7"
"302","SKU0302","8850000000302","น้ำดื่ม รุ่น 31","เครื่องดื่ม","ขวด","1300","910","34","2","1","7"
"303","SKU0303","8850000000303","น้ำปลา รุ่น 31","เครื่องปรุง","ขวด","3300","2310","51","2","1","7"
"304","SKU0304","8850000000304","นมกล่อง รุ่น 31","เครื่องดื่ม","กล่อง","1800","1260","68","2","1","7"
"305","SKU0305","","ขนมขบเคี้ยว รุ่น 31","ขนม","ถุง","2300","1610","85","2","1","7"
"306","SKU0306","8850000000306","ข้าวสาร รุ่น 31","อาหารแห้ง","ถุง","4800","3360","2","2","1","7"
"307","SKU0307","8850000000307","สบู่ รุ่น 31","ของใช้","ก้อน","2800","1960","19","2","1","7"
"308","SKU0308","8850000000308","ผงซักฟอก รุ่น 31","ของใช้","ถุง","3800","2660","36","2","1","7"
"309","SKU0309","8850000000309","ไข่ไก่ รุ่น 31","อาหารสด","ฟอง","800","560","53","2","1","7"
"310","SKU0310","","น้ำตาล รุ่น 31","เครื่องปรุง","ถุง","3100","2170","70","2","1","7"
"311","SKU0311","8850000000311","บะหมี่กึ่งสำเร็จรูป รุ่น 32","อาหารแห้ง","ซอง","1100","770","87","2","1","7"
"312","SKU0312","8850000000312","น้ำดื่ม รุ่น 32","เครื่องดื่ม","ขวด","1300","910","4","2","1","7"
"313","SKU0313","8850000000313","น้ำปลา รุ่น 32","เครื่องปรุง","ขวด","3300","2310","21","2","1","7"
"314","SKU0314","8850000000314","นมกล่อง รุ่น 32","เครื่องดื่ม","กล่อง","1800","1260","38","2","1","7"
"315","SKU0315","","ขนมขบเคี้ยว รุ่น 32","ขนม","ถุง","2300","1610","55","2","1","7"
"316","SKU0316","8850000000316","ข้าวสาร รุ่น 32","อาหารแห้ง","ถุง","4800","3360","72","2","1","7"
"317","SKU0317","8850000000317","สบู่ รุ่น 32","ของใช้","ก้อน","2800","1960","89","2","1","7"
"318","SKU0318","8850000000318","ผงซักฟอก รุ่น 32","ของใช้","ถุง","3800","2660","6","2","1","7"
"319","SKU0319","8850000000319","ไข่ไก่ รุ่น 32","อาหารสด","ฟอง","800","560","23","2","1","7"
"320","SKU0320","","น้ำตาล รุ่น 32","เครื่องปรุง","ถุง","3100","2170","40","2","1","7"
"321","SKU0321","8850000000321","บะหมี่กึ่งสำเร็จรูป รุ่น 33","อาหารแห้ง","ซอง","1100","770","57","2","1","7"
"322","SKU0322","8850000000322","น้ำดื่ม รุ่น 33","เครื่องดื่ม","ขวด","1300","910","74","2","1","7"
"323","SKU0323","8850000000323","น้ำปลา รุ่น 33","เครื่องปรุง","ขวด","3300","2310","91","2","1","7"
"324","SKU0324","8850000000324","นมกล่อง รุ่น 33","เครื่องดื่ม","กล่อง","1800","1260","8","2","1","7"
"325","SKU0325","","ขนมขบเคี้ยว รุ่น 33","ขนม","ถุง","2300","1610","25","2","1","7"
"326","SKU0326","8850000000326","ข้าวสาร รุ่น 33","อาหารแห้ง","ถุง","4800","3360","42","2","1","7"
"327","SKU0327","8850000000327","สบู่ รุ่น 33","ของใช้","ก้อน","2800","1960","59","2","1","7"
"328","SKU0328","8850000000328","ผงซักฟอก รุ่น 33","ของใช้","ถุง","3800","2660","76","2","1","7"
"329","SKU0329","8850000000329","ไข่ไก่ รุ่น 33","อาหารสด","ฟอง","800","560","93","2","1","7"
"330","SKU0330","","น้ำตาล รุ่น 33","เครื่องปรุง","ถุง","3100","2170","10","2","1","7"
"331","SKU0331","8850000000331","บะหมี่กึ่งสำเร็จรูป รุ่น 34","อาหารแห้ง","ซอง","1100","770","27","2","1","7"
"332","SKU0332","8850000000332","น้ำดื่ม รุ่น 34","เครื่องดื่ม","ขวด","1300","910","44","2","1","7"
"333","SKU0333","8850000000333","น้ำปลา รุ่น 34","เครื่องปรุง","ขวด","3300","2310","61","2","1","7"
"334","SKU0334","8850000000334","นมกล่อง รุ่น 34","เครื่องดื่ม","กล่อง","1800","1260","78","2","1","7"
"335","SKU0335","","ขนมขบเคี้ยว รุ่น 34","ขนม","ถุง","2300","1610","95","2","1","7"
"336","SKU0336","8850000000336","ข้าวสาร รุ่น 34","อาหารแห้ง","ถุง","4800","3360","12","2","1","7"
"337","SKU0337","8850000000337","สบู่ รุ่น 34","ของใช้","ก้อน","2800","1960","29","2","1","7"
"338","SKU0338","8850000000338","ผงซักฟอก รุ่น 34","ของใช้","ถุง","3800","2660","46","2","1","7"
"339","SKU0339","8850000000339","ไข่ไก่ รุ่น 34","อาหารสด","ฟอง","800","560","63","2","1","7"
"340","SKU0340","","น้ำตาล รุ่น 34","เครื่องปรุง","ถุง","3100","2170","80","2","1","7"
"341","SKU0341","8850000000341","บะหมี่กึ่งสำเร็จรูป รุ่น 35","อาหารแห้ง","ซอง","1100","770","97","2","1","7"
"342","SKU0342","8850000000342","น้ำดื่ม รุ่น 35","เครื่องดื่ม","ขวด","1300","910","14","2","1","7"
"343","SKU0343","8850000000343","น้ำปลา รุ่น 35","เครื่องปรุง","ขวด","3300","2310","31","2","1","7"
"344","SKU0344","8850000000344","นมกล่อง รุ่น 35","เครื่องดื่ม","กล่อง","1800","1260","48","2","1","7"
"345","SKU0345","","ขนมขบเคี้ยว รุ่น 35","ขนม","ถุง","2300","1610","65","2","1","7"
"346","SKU0346","8850000000346","ข้าวสาร รุ่น 35","อาหารแห้ง","ถุง","4800","3360","82","2","1","7"
"347","SKU0347","8850000000347","สบู่ รุ่น 35","ของใช้","ก้อน","2800","1960","99","2","1","7"
"348","SKU0348","8850000000348","ผงซักฟอก รุ่น 35","ของใช้","ถุง","3800","2660","16","2","1","7"
"349","SKU0349","8850000000349","ไข่ไก่ รุ่น 35","อาหารสด","ฟอง","800","560","33","2","1","7"
"350","SKU0350","","น้ำตาล รุ่น 35","เครื่องปรุง","ถุง","3100","2170","50","2","1","7"
"351","SKU0351","8850000000351","บะหมี่กึ่งสำเร็จรูป รุ่น 36","อาหารแห้ง","ซอง","1100","770","67","2","1","7"
"352","SKU0352","8850000000352","น้ำดื่ม รุ่น 36","เครื่องดื่ม","ขวด","1300","910","84","2","1","7"
"353","SKU0353","8850000000353","น้ำปลา รุ่น 36","เครื่องปรุง","ขวด","3300","2310","1","2","1","7"
"354","SKU0354","8850000000354","นมกล่อง รุ่น 36","เครื่องดื่ม","กล่อง","1800","1260","18","2","1","7"
"355","SKU0355","","ขนมขบเคี้ยว รุ่น 36","ขนม","ถุง","2300","1610","35","2","1","7"
"356","SKU0356","8850000000356","ข้าวสาร รุ่น 36","อาหารแห้ง","ถุง","4800","3360","52","2","1","7"
"357","SKU0357","8850000000357","สบู่ รุ่น 36","ของใช้","ก้อน","2800","1960","69","2","1","7"
"358","SKU0358","8850000000358","ผงซักฟอก รุ่น 36","ของใช้","ถุง","3800","2660","86","2","1","7"
"359","SKU0359","8850000000359","ไข่ไก่ รุ่น 36","อาหารสด","ฟอง","800","560","3","2","1","7"
"360","SKU0360","","น้ำตาล รุ่น 36","เครื่องปรุง","ถุง","3100","2170","20","2","1","7"
"361","SKU0361","8850000000361","บะหมี่กึ่งสำเร็จรูป รุ่น 37","อาหารแห้ง","ซอง","1100","770","37","2","1","7"
"362","SKU0362","8850000000362","น้ำดื่ม รุ่น 37","เครื่องดื่ม","ขวด","1300","910","54","2","1","7"
"363","SKU0363","8850000000363","น้ำปลา รุ่น 37","เครื่องปรุง","ขวด","3300","2310","71","2","1","7"
"364","SKU0364","8850000000364","นมกล่อง รุ่น 37","เครื่องดื่ม","กล่อง","1800","1260","88","2","1","7"
"365","SKU0365","","ขนมขบเคี้ยว รุ่น 37","ขนม","ถุง","2300","1610","5","2","1","7"
"366","SKU0366","8850000000366","ข้าวสาร รุ่น 37","อาหารแห้ง","ถุง","4800","3360","22","2","1","7"
"367","SKU0367","8850000000367","สบู่ รุ่น 37","ของใช้","ก้อน","2800","1960","39","2","1","7"
"368","SKU0368","8850000000368","ผงซักฟอก รุ่น 37","ของใช้","ถุง","3800","2660","56","2","1","7"
"369","SKU0369","8850000000369","ไข่ไก่ รุ่น 37","อาหารสด","ฟอง","800","560","73","2","1","7"
"370","SKU0370","","น้ำตาล รุ่น 37","เครื่องปรุง","ถุง","3100","2170","90","2","1","7"
"371","SKU0371","8850000000371","บะหมี่กึ่งสำเร็จรูป รุ่น 38","อาหารแห้ง","ซอง","1100","770","7","2","1","7"
"372","SKU0372","8850000000372","น้ำดื่ม รุ่น 38","เครื่องดื่ม","ขวด","1300","910","24","2","1","7"
"373","SKU0373","8850000000373","น้ำปลา รุ่น 38","เครื่องปรุง","ขวด","3300","2310","41","2","1","7"
"374","SKU0374","8850000000374","นมกล่อง รุ่น 38","เครื่องดื่ม","กล่อง","1800","1260","58","2","1","7"
"375","SKU0375","","ขนมขบเคี้ยว รุ่น 38","ขนม","ถุง","2300","1610","75","2","1","7"
"376","SKU0376","8850000000376","ข้าวสาร รุ่น 38","อาหารแห้ง","ถุง","4800","3360","92","2","1","7"
"377","SKU0377","8850000000377","สบู่ รุ่น 38","ของใช้","ก้อน","2800","1960","9","2","1","7"
"378","SKU0378","8850000000378","ผงซักฟอก รุ่น 38","ของใช้","ถุง","3800","2660","26","2","1","7"
"379","SKU0379","8850000000379","ไข่ไก่ รุ่น 38","อาหารสด","ฟอง","800","560","43","2","1","7"
"380","SKU0380","","น้ำตาล รุ่น 38","เครื่องปรุง","ถุง","3100","2170","60","2","1","7"
"381","SKU0381","8850000000381","บะหมี่กึ่งสำเร็จรูป รุ่น 39","อาหารแห้ง","ซอง","1100","770","77","2","1","7"
"382","SKU0382","8850000000382","น้ำดื่ม รุ่น 39","เครื่องดื่ม","ขวด","1300","910","94","2","1","7"
"383","SKU0383","8850000000383","น้ำปลา รุ่น 39","เครื่องปรุง","ขวด","3300","2310","11","2","1","7"
"384","SKU0384","8850000000384","นมกล่อง รุ่น 39","เครื่องดื่ม","กล่อง","1800","1260","28","2","1","7"
"385","SKU0385","","ขนมขบเคี้ยว รุ่น 39","ขนม","ถุง","2300","1610","45","2","1","7"
"386","SKU0386","8850000000386","ข้าวสาร รุ่น 39","อาหารแห้ง","ถุง","4800","3360","62","2","1","7"
"387","SKU0387","8850000000387","สบู่ รุ่น 39","ของใช้","ก้อน","2800","1960","79","2","1","7"
"388","SKU0388","8850000000388","ผงซักฟอก รุ่น 39","ของใช้","ถุง","3800","2660","96","2","1","7"
"389","SKU0389","8850000000389","ไข่ไก่ รุ่น 39","อาหารสด","ฟอง","800","560","13","2","1","7"
"390","SKU0390","","น้ำตาล รุ่น 39","เครื่องปรุง","ถุง","3100","2170","30","2","1","7"
"391","SKU0391","8850000000391","บะหมี่กึ่งสำเร็จรูป รุ่น 40","อาหารแห้ง","ซอง","1100","770","47","2","1","7"
"392","SKU0392","8850000000392","น้ำดื่ม รุ่น 40","เครื่องดื่ม","ขวด","1300","910","64","2","1","7"
"393","SKU0393","8850000000393","น้ำปลา รุ่น 40","เครื่องปรุง","ขวด","3300","2310","81","2","1","7"
"394","SKU0394","8850000000394","นมกล่อง รุ่น 40","เครื่องดื่ม","กล่อง","1800","1260","98","2","1","7"
"395","SKU0395","","ขนมขบเคี้ยว รุ่น 40","ขนม","ถุง","2300","1610","15","2","1","7"
"396","SKU0396","8850000000396","ข้าวสาร รุ่น 40","อาหารแห้ง","ถุง","4800","3360","32","2","1","7"
"397","SKU0397","8850000000397","สบู่ รุ่น 40","ของใช้","ก้อน","2800","1960","49","2","1","7"
"398","SKU0398","8850000000398","ผงซักฟอก รุ่น 40","ของใช้","ถุง","3800","2660","66","2","1","7"
"399","SKU0399","8850000000399","ไข่ไก่ รุ่น 40","อาหารสด","ฟอง","800","560","83","2","1","7"
"400","SKU0400","","น้ำตาล รุ่น 40","เครื่องปรุง","ถุง","3200","2240","0","2","1","7"
"401","SKU0401","8850000000401","บะหมี่กึ่งสำเร็จรูป รุ่น 41","อาหารแห้ง","ซอง","1200","840","17","2","1","7"
"402","SKU0402","8850000000402","น้ำดื่ม รุ่น 41","เครื่องดื่ม","ขวด","1400","980","34","2","1","7"
"403","SKU0403","8850000000403","น้ำปลา รุ่น 41","เครื่องปรุง","ขวด","3400","2380","51","2","1","7"
"404","SKU0404","8850000000404","นมกล่อง รุ่น 41","เครื่องดื่ม","กล่อง","1900","1330","68","2","1","7"
"405","SKU0405","","ขนมขบเคี้ยว รุ่น 41","ขนม","ถุง","2400","1680","85","2","1","7"
"406","SKU0406","8850000000406","ข้าวสาร รุ่น 41","อาหารแห้ง","ถุง","4900","3430","2","2","1","7"
"407","SKU0407","8850000000407","สบู่ รุ่น 41","ของใช้","ก้อน","2900","2030","19","2","1","7"
"408","SKU0408","8850000000408","ผงซักฟอก รุ่น 41","ของใช้","ถุง","3900","2730","36","2","1","7"
"409","SKU0409","8850000000409","ไข่ไก่ รุ่น 41","อาหารสด","ฟอง","900","630","53","2","1","7"
"410","SKU0410","","น้ำตาล รุ่น 41","เครื่องปรุง","ถุง","3200","2240","70","2","1","7"
"411","SKU0411","8850000000411","บะหมี่กึ่งสำเร็จรูป รุ่น 42","อาหารแห้ง","ซอง","1200","840","87","2","1","7"
"412","SKU0412","8850000000412","น้ำดื่ม รุ่น 42","เครื่องดื่ม","ขวด","1400","980","4","2","1","7"
"413","SKU0413","8850000000413","น้ำปลา รุ่น 42","เครื่องปรุง","ขวด","3400","2380","21","2","1","7"
"414","SKU0414","8850000000414","นมกล่อง รุ่น 42","เครื่องดื่ม","กล่อง","1900","1330","38","2","1","7"
"415","SKU0415","","ขนมขบเคี้ยว รุ่น 42","ขนม","ถุง","2400","1680","55","2","1","7"
"416","SKU0416","8850000000416","ข้าวสาร รุ่น 42","อาหารแห้ง","ถุง","4900","3430","72","2","1","7"
"417","SKU0417","8850000000417","สบู่ รุ่น 42","ของใช้","ก้อน","2900","2030","89","2","1","7"
"418","SKU0418","8850000000418","ผงซักฟอก รุ่น 42","ของใช้","ถุง","3900","2730","6","2","1","7"
"419","SKU0419","8850000000419","ไข่ไก่ รุ่น 42","อาหารสด","ฟอง","900","630","23","2","1","7"
"420","SKU0420","","น้ำตาล รุ่น 42","เครื่องปรุง","ถุง","3200","2240","40","2","1","7"
"421","SKU0421","8850000000421","บะหมี่กึ่งสำเร็จรูป รุ่น 43","อาหารแห้ง","ซอง","1200","840","57","2","1","7"
"422","SKU0422","8850000000422","น้ำดื่ม รุ่น 43","เครื่องดื่ม","ขวด","1400","980","74","2","1","7"
"423","SKU0423","8850000000423","น้ำปลา รุ่น 43","เครื่องปรุง","ขวด","3400","2380","91","2","1","7"
"424","SKU0424","8850000000424","นมกล่อง รุ่น 43","เครื่องดื่ม","กล่อง","1900","1330","8","2","1","7"
"425","SKU0425","","ขนมขบเคี้ยว รุ่น 43","ขนม","ถุง","2400","1680","25","2","1","7"
"426","SKU0426","8850000000426","ข้าวสาร รุ่น 43","อาหารแห้ง","ถุง","4900","3430","42","2","1","7"
"427","SKU0427","8850000000427","สบู่ รุ่น 43","ของใช้","ก้อน","2900","2030","59","2","1","7"
"428","SKU0428","8850000000428","ผงซักฟอก รุ่น 43","ของใช้","ถุง","3900","2730","76","2","1","7"
"429","SKU0429","8850000000429","ไข่ไก่ รุ่น 43","อาหารสด","ฟอง","900","630","93","2","1","7"
"430","SKU0430","","น้ำตาล รุ่น 43","เครื่องปรุง","ถุง","3200","2240","10","2","1","7"
"431","SKU0431","8850000000431","บะหมี่กึ่งสำเร็จรูป รุ่น 44","อาหารแห้ง","ซอง","1200","840","27","2","1","7"
"432","SKU0432","8850000000432","น้ำดื่ม รุ่น 44","เครื่องดื่ม","ขวด","1400","980","44","2","1","7"
"433","SKU0433","8850000000433","น้ำปลา รุ่น 44","เครื่องปรุง","ขวด","3400","2380","61","2","1","7"
"434","SKU0434","8850000000434","นมกล่อง รุ่น 44","เครื่องดื่ม","กล่อง","1900","1330","78","2","1","7"
"435","SKU0435","","ขนมขบเคี้ยว รุ่น 44","ขนม","ถุง","2400","1680","95","2","1","7"
"436","SKU0436","8850000000436","ข้าวสาร รุ่น 44","อาหารแห้ง","ถุง","4900","3430","12","2","1","7"
"437","SKU0437","8850000000437","สบู่ รุ่น 44","ของใช้","ก้อน","2900","2030","29","2","1","7"
"438","SKU0438","8850000000438","ผงซักฟอก รุ่น 44","ของใช้","ถุง","3900","2730","46","2","1","7"
"439","SKU0439","8850000000439","ไข่ไก่ รุ่น 44","อาหารสด","ฟอง","900","630","63","2","1","7"
"440","SKU0440","","น้ำตาล รุ่น 44","เครื่องปรุง","ถุง","3200","2240","80","2","1","7"
"441","SKU0441","8850000000441","บะหมี่กึ่งสำเร็จรูป รุ่น 45","อาหารแห้ง","ซอง","1200","840","97","2","1","7"
"442","SKU0442","8850000000442","น้ำดื่ม รุ่น 45","เครื่องดื่ม","ขวด","1400","980","14","2","1","7"
"443","SKU0443","8850000000443","น้ำปลา รุ่น 45","เครื่องปรุง","ขวด","3400","2380","31","2","1","7"
"444","SKU0444","8850000000444","นมกล่อง รุ่น 45","เครื่องดื่ม","กล่อง","1900","1330","48","2","1","7"
"445","SKU0445","","ขนมขบเคี้ยว รุ่น 45","ขนม","ถุง","2400","1680","65","2","1","7"
"446","SKU0446","8850000000446","ข้าวสาร รุ่น 45","อาหารแห้ง","ถุง","4900","3430","82","2","1","7"
"447","SKU0447","8850000000447","สบู่ รุ่น 45","ของใช้","ก้อน","2900","2030","99","2","1","7"
"448","SKU0448","8850000000448","ผงซักฟอก รุ่น 45","ของใช้","ถุง","3900","2730","16","2","1","7"
"449","SKU0449","8850000000449","ไข่ไก่ รุ่น 45","อาหารสด","ฟอง","900","630","33","2","1","7"
"450","SKU0450","","น้ำตาล รุ่น 45","เครื่องปรุง","ถุง","3200","2240","50","2","1","7"
"451","SKU0451","8850000000451","บะหมี่กึ่งสำเร็จรูป รุ่น 46","อาหารแห้ง","ซอง","1200","840","67","2","1","7"
"452","SKU0452","8850000000452","น้ำดื่ม รุ่น 46","เครื่องดื่ม","ขวด","1400","980","84","2","1","7"
"453","SKU0453","8850000000453","น้ำปลา รุ่น 46","เครื่องปรุง","ขวด","3400","2380","1","2","1","7"
"454","SKU0454","8850000000454","นมกล่อง รุ่น 46","เครื่องดื่ม","กล่อง","1900","1330","18","2","1","7"
"455","SKU0455","","ขนมขบเคี้ยว รุ่น 46","ขนม","ถุง","2400","1680","35","2","1","7"
"456","SKU0456","8850000000456","ข้าวสาร รุ่น 46","อาหารแห้ง","ถุง","4900","3430","52","2","1","7"
"457","SKU0457","8850000000457","สบู่ รุ่น 46","ของใช้","ก้อน","2900","2030","69","2","1","7"
"458","SKU0458","8850000000458","ผงซักฟอก รุ่น 46","ของใช้","ถุง","3900","2730","86","2","1","7"
"459","SKU0459","8850000000459","ไข่ไก่ รุ่น 46","อาหารสด","ฟอง","900","630","3","2","1","7"
"460","SKU0460","","น้ำตาล รุ่น 46","เครื่องปรุง","ถุง","3200","2240","20","2","1","7"
"461","SKU0461","8850000000461","บะหมี่กึ่งสำเร็จรูป รุ่น 47","อาหารแห้ง","ซอง","1200","840","37","2","1","7"
"462","SKU0462","8850000000462","น้ำดื่ม รุ่น 47","เครื่องดื่ม","ขวด","1400","980","54","2","1","7"
"463","SKU0463","8850000000463","น้ำปลา รุ่น 47","เครื่องปรุง","ขวด","3400","2380","71","2","1","7"
"464","SKU0464","8850000000464","นมกล่อง รุ่น 47","เครื่องดื่ม","กล่อง","1900","1330","88","2","1","7"
"465","SKU0465","","ขนมขบเคี้ยว รุ่น 47","ขนม","ถุง","2400","1680","5","2","1","7"
"466","SKU0466","8850000000466","ข้าวสาร รุ่น 47","อาหารแห้ง","ถุง","4900","3430","22","2","1","7"
"467","SKU0467","8850000000467","สบู่ รุ่น 47","ของใช้","ก้อน","2900","2030","39","2","1","7"
"468","SKU0468","8850000000468","ผงซักฟอก รุ่น 47","ของใช้","ถุง","3900","2730","56","2","1","7"
"469","SKU0469","8850000000469","ไข่ไก่ รุ่น 47","อาหารสด","ฟอง","900","630","73","2","1","7"
"470","SKU0470","","น้ำตาล รุ่น 47","เครื่องปรุง","ถุง","3200","2240","90","2","1","7"
"471","SKU0471","8850000000471","บะหมี่กึ่งสำเร็จรูป รุ่น 48","อาหารแห้ง","ซอง","1200","840","7","2","1","7"
"472","SKU0472","8850000000472","น้ำดื่ม รุ่น 48","เครื่องดื่ม","ขวด","1400","980","24","2","1","7"
"473","SKU0473","8850000000473","น้ำปลา รุ่น 48","เครื่องปรุง","ขวด","3400","2380","41","2","1","7"
"474","SKU0474","8850000000474","นมกล่อง รุ่น 48","เครื่องดื่ม","กล่อง","1900","1330","58","2","1","7"
"475","SKU0475","","ขนมขบเคี้ยว รุ่น 48","ขนม","ถุง","2400","1680","75","2","1","7"
"476","SKU0476","8850000000476","ข้าวสาร รุ่น 48","อาหารแห้ง","ถุง","4900","3430","92","2","1","7"
"477","SKU0477","8850000000477","สบู่ รุ่น 48","ของใช้","ก้อน","2900","2030","9","2","1","7"
"478","SKU0478","8850000000478","ผงซักฟอก รุ่น 48","ของใช้","ถุง","3900","2730","26","2","1","7"
"479","SKU0479","8850000000479","ไข่ไก่ รุ่น 48","อาหารสด","ฟอง","900","630","43","2","1","7"
"480","SKU0480","","น้ำตาล รุ่น 48","เครื่องปรุง","ถุง","3200","2240","60","2","1","7"
"481","SKU0481","8850000000481","บะหมี่กึ่งสำเร็จรูป รุ่น 49","อาหารแห้ง","ซอง","1200","840","77","2","1","7"
"482","SKU0482","8850000000482","น้ำดื่ม รุ่น 49","เครื่องดื่ม","ขวด","1400","980","94","2","1","7"
"483","SKU0483","8850000000483","น้ำปลา รุ่น 49","เครื่องปรุง","ขวด","3400","2380","11","2","1","7"
"484","SKU0484","8850000000484","นมกล่อง รุ่น 49","เครื่องดื่ม","กล่อง","1900","1330","28","2","1","7"
"485","SKU0485","","ขนมขบเคี้ยว รุ่น 49","ขนม","ถุง","2400","1680","45","2","1","7"
"486","SKU0486","8850000000486","ข้าวสาร รุ่น 49","อาหารแห้ง","ถุง","4900","3430","62","2","1","7"
"487","SKU0487","8850000000487","สบู่ รุ่น 49","ของใช้","ก้อน","2900","2030","79","2","1","7"
"488","SKU0488","8850000000488","ผงซักฟอก รุ่น 49","ของใช้","ถุง","3900","2730","96","2","1","7"
"489","SKU0489","8850000000489","ไข่ไก่ รุ่น 49","อาหารสด","ฟอง","900","630","13","2","1","7"
"490","SKU0490","","น้ำตาล รุ่น 49","เครื่องปรุง","ถุง","3200","2240","30","2","1","7"
"491","SKU0491","8850000000491","บะหมี่กึ่งสำเร็จรูป รุ่น 50","อาหารแห้ง","ซอง","1200","840","47","2","1","7"
"492","SKU0492","8850000000492","น้ำดื่ม รุ่น 50","เครื่องดื่ม","ขวด","1400","980","64","2","1","7"
"493","SKU0493","8850000000493","น้ำปลา รุ่น 50","เครื่องปรุง","ขวด","3400","2380","81","2","1","7"
"494","SKU0494","8850000000494","นมกล่อง รุ่น 50","เครื่องดื่ม","กล่อง","1900","1330","98","2","1","7"
"495","SKU0495","","ขนมขบเคี้ยว รุ่น 50","ขนม","ถุง","2400","1680","15","2","1","7"
"496","SKU0496","8850000000496","ข้าวสาร รุ่น 50","อาหารแห้ง","ถุง","4900","3430","32","2","1","7"
"497","SKU0497","8850000000497","สบู่ รุ่น 50","ของใช้","ก้อน","2900","2030","49","2","1","7"
"498","SKU0498","8850000000498","ผงซักฟอก รุ่น 50","ของใช้","ถุง","3900","2730","66","2","1","7"
"499","SKU0499","8850000000499","ไข่ไก่ รุ่น 50","อาหารสด","ฟอง","900","630","83","2","1","7"
"500","SKU0500","","น้ำตาล รุ่น 50","เครื่องปรุง","ถุง","3300","2310","0","2","1","7"